House_Type	Year_from	Year_to	number_floors	Energy_equivalent_Area	No_of_residential_building	Volume	Roof_1_A2	Roof_2_A	Wall_1_A	Wall_2_A	Wall_3_A	Floor_1_A	Floor_2_A	Window_1_A	Window_2_A	Door_1_A	Roof_1_UW	Roof_2_UW	Wall_1_UW	Wall_2_UW	Wall_3_UW	Floor_1_UW	Floor_2_UW	Window_1_UW	Window_2_UW	Door_1_UW
EFH_A	0	1859	2	199	1	767.5759875	134.19	0	169.78	0	0	0	85.46	28.78	0	2	2.6	1	2	2	2	2.9	2.9	2.8	5	3
EFH_B	1860	1918	2	128.9	1	595	83.12	0	194.04	0	0	45.6	32.7	22.3	0	2	1.3	1	1.7	1.7	1.7	1.2	1.2	2.8	2.8	3
EFH_C	1919	1948	2	275	2	1052.5	213.99	0	235.3	0	0	144.9	0	52.35	0	2	1.4	0.8	1.7	1.7	1.7	1	1	2.8	2.8	3
EFH_D	1949	1957	1	101	1	380	125.4	0	117.8	0	0	62	17.9	18.4	0	2	1.4	0.8	1.4	1.4	1.4	1.01	1.01	2.8	2.8	3
EFH_E	1958	1968	1	110.2	1	502.9	168.9	0	141.2	8.7	0	115.8	0	27.1	0	2.1	0.8	0.6	1.2	0.8	1.2	1.6	1.6	2.8	2.8	3
EFH_F	1969	1978	1	157.5	1	606	183.13	0	177.55	0	0	78.32	74	34.21	0	2	0.5	0.6	1	1	1	1	1	2.8	2.8	3
EFH_G	1979	1983	2	196	1	647	100.8	0	159.4	0	0	83.4	0	27	0	2	0.5	0.5	0.8	0.8	0.8	0.8	0.8	4.3	4.3	3
EFH_H	1984	1994	1	136.55	1	514	123.2	0	211.3	0	0	75.33	0	29.67	0	2	0.4	0.4	0.5	0.5	0.5	0.6	0.6	3.2	3.2	3
EFH_I	1995	2001	1	110.8	1	427.3	115.5	0	126.6	0	0	84.3076	0	32.46	0	2	0.35	0.3	0.3	0.3	0.3	0.45	0.45	1.9	1.9	2
EFH_J	2002	2009	2	133.2	1	478.9206	85.91	0	188.86	0	0	79.82	0	28.3	0	2	0.25	0.24	0.3	0.3	0.3	0.3	0.3	1.4	1.4	2
RH_B	1860	1918	2	87.24	1	390	0	60	74.47	0	0	60	0	18.091	0	2	1.3	1	1.7	1.7	1.7	1.2	1.2	2.7	2.7	3
RH_C	1919	1948	2	102.5	1	423.2	0	50.35	64.14	0	0	50.35	0	21.48	0	2	1.4	0.8	1.7	1.7	1.7	1	1	2.8	2.8	3
RH_D	1949	1957	2	136	1	468.6	0	81.2	134.66	0	0	81.2	0	46.67	0	2	1.4	0.8	1.2	1.2	1.2	2.1	2.1	2.8	2.8	3
RH_E	1958	1968	2	106.7	1	374.2	0	46.2	40.42	0	0	46.2	0	13.52	0	2	0.6	0.6	1.2	1.2	1.2	1.6	1.6	2.8	2.8	3
RH_F	1969	1978	2	96.642	1	335	0	60.85	53.72	0	0	60.85	0	23.36	0	2	0.5	0.6	1	1	1	1	1	2.8	2.8	3
RH_G	1979	1983	2	98.43	1	409.4	97.63	0	54.1	0	0	73	0	20.25	0	2	0.5	0.5	0.8	0.8	0.8	0.8	0.8	2.8	2.8	3
RH_H	1984	1994	2	116	1	421	64.87	0	50.9	0	0	56.08	0	18.75	0	2	0.4	0.4	0.6	0.6	0.6	0.6	0.6	2.8	2.8	3
RH_I	1995	2001	2	135.3	1	495	77.4	0	45.2	13.9	0	0	51.9	22.4	0	2.5	0.35	0.27	0.6	0.6	0.6	0.45	0.45	1.6	1.6	2
RH_J	2002	2009	2	138.1	1	483	91.3	0	140.7	0	0	70.7	0	36.3	0	2	0.2	0.24	0.3	0.3	0.3	0.3	0.3	1.3	1.3	2
MFH_A	0	1859	4	615.901	5	2488	284.1	0	749.31	0	0	124.76	48.97	106.97	0	2	2.6	1	2	2	2	1.2	1.2	2.8	2.8	3
MFH_B	1860	1918	4	284	4	1360	102.8	0	146	0	0	102.8	0	54.08	0	2	1.3	1	2.2	2.2	2.2	1.2	1.2	2.7	2.7	3
MFH_C	1919	1948	3	350	2	1171	158.5	31.1	323.54	0	0	127.4	31.1	71.16	0	2	1.4	0.8	1.7	1.7	1.7	1	1	3	3	3
MFH_D	1949	1957	3	574.8	9	1919.2	0	355	462	0	0	355	0	98.72	0	2	1.4	1.6	1.2	1.2	1.2	2.2	2.2	3	3	3
MFH_E	1958	1968	4	2844.61	32	10397	0	971.11	2039	0	0	971.11	0	507.48	0	2	0.8	0.6	1.2	1.2	1.2	1.6	1.6	3	3	3
MFH_F	1969	1978	4	426.01	8	1435	0	216.7	336	0	0	216.7	0	81.3	0	2	0.5	0.6	1	1	1	1	1	3	3	4
MFH_G	1979	1983	3	594.5	9	2040	0	248.25	447.13	0	0	248.25	0	99.37	0	2	0.5	0.5	0.8	0.8	0.8	0.8	0.8	3	3	4
MFH_H	1984	1994	3	707.4	10	2413	0	249.4	774.8	0	0	249.4	0	161	0	2	0.4	0.4	0.6	0.6	0.6	0.6	0.6	3	3	4
MFH_I	1995	2001	4	759	12	2971.88	0	283.7	695.8	0	0	283.7	0	162.8	0	2	0.35	0.35	0.4	0.4	0.4	0.45	0.45	1.9	1.9	2
MFH_J	2002	2009	3	1991	19	7687	580	0	1698	0	0	619.5	0	308.7	0	2	0.2	0.24	0.25	0.25	0.25	0.35	0.35	1.4	1.4	3
GMH_B	1860	1918	5	754	11	3375.4	231.8	0	305.4	0	0	163.7	0	136.2	0	2	1.3	1	1.7	1.7	1.7	1.2	1.2	2.8	2.8	3
GMH_C	1919	1948	5	1349.11	15	5942	0	384.2	1244	0	0	395.6	0	278.52	0	2	1.4	0.8	1.4	1.4	1.4	1	1	3	3	3
GMH_D	1949	1957	5	1457	20	4808	0	353.5	1376	0	0	353.5	0	294.9	0	2	0.6	1.6	1.2	1.2	1.2	2.1	2.1	3	3	3
GMH_E	1958	1968	8	3534	48	13165.7	0	479.58	3247.79	0	0	459.24	0	687.03	0	2	0.8	0.6	1.2	1.2	1.2	1.6	1.6	3	3	3
GMH_F	1969	1978	8	3020	48	9805	0	540	2130	0	0	540	0	545	0	2	0.5	0.6	1.1	1.1	1.1	1	1	3	3	4
HH_E	1958	1968	16	10408	189	36379	0	501.19	6949.14	0	0	485.36	269.52	1947.19	0	2	0.6	0.6	1.2	1.2	1.2	1.6	1.6	3	3	3
HH_F	1969	1978	14	18012	254	68360	0	1468.97	14623.4	0	0	1468.97	0	2580.52	0	2	0.5	0.6	1.1	1.1	1.1	1	1	3	3	4
EFH_F/F	1969	1978	1	168	1	560	138	0	117	0	0	106	0	32	0	2.2	0.5	0.5	0.6	0.6	0.6	1	1	2.8	2.8	3
NBL_MFH_D	1949	1957	4	1753	16	6224.07	0	558.714	1158.16	0	0	558.714	0	319.9	0	2	1.4	1.6	1.2	1.2	1.2	2.2	2.2	3	3	3
NBL_MFH_E	1958	1968	4	2493	32	9174.7	0	811.92	1480.48	0	0	811.92	0	547	0	2	0.6	0.6	1.1	1.1	1.1	1.6	1.6	2.7	2.7	3
NBL_GMH_F	1969	1978	6	2825	24	10159.8	0	598.34	1599.73	0	0	598.34	0	461	0	2	0.6	0.6	1.1	1.1	1.1	1	1	2.7	2.7	4
NBL_GMH_G	1979	1983	6	2825	24	10159.8	0	598.34	1673.73	0	0	598.34	0	387	0	2	0.5	0.5	0.9	0.9	0.9	0.8	0.8	2.7	2.7	4
NBL_GMH_H	1984	1994	6	2825	24	10159.8	0	598.34	1673.73	0	0	598.34	0	387	0	2	0.4	0.4	0.6	0.6	0.6	0.6	0.6	3	3	4
NBL_HH_F	1969	1978	10	4796	40	18405	0	598.3369	2992.09	0	0	598.3369	0	756	0	2	0.5	0.6	1.1	1.1	1.1	1	1	2.7	2.7	4
NBL_HH_G	1979	1983	16	7270	64	30709.6	0	695.12	4221.74	0	0	695.12	0	1471.06	0	2	0.5	0.5	0.9	0.9	0.9	0.8	0.8	3	3	4
K.EFH - Referenz-Ausführung EnEV 2009	2010	2015	2	160.4	1	827.5	131.9	0	227.6	0	0	0	107.8	42	0	2.6	0.2	0	0.28	0	0	0	0.35	1.3	0	1.8
K.RH - Referenz-Ausführung EnEV 2009	2010	2015	2	167.5	1	747	75.7	0	137.8	69.2	0	0	67.8	25.5	2.6	2.7	0.2	0	0.28	0.28	0	0	0.35	1.3	1.3	1.8
K.MFH - Referenz-Ausführung EnEV 2009	2010	2015	5	1170	17	5371	321.05	0	1193.16	0	0	0	321.05	243.6	0	47.85	0.2	0	0.28	0	0	0	0.35	1.3	0	1.8
L.EFH - Referenz-Ausführung EnEV 2009	2016	9999	2	160.4	1	827.1	131.9	0	227.6	0	0	0	107.8	42	0	2.6	0.2	0	0.28	0	0	0	0.35	1.3	0	1.8
L.RH - Referenz-Ausführung EnEV 2009	2016	9999	2	167.5	1	747	75.7	0	137.8	69.2	0	0	67.8	25.5	2.6	2.7	0.2	0	0.28	0.28	0	0	0.35	1.3	1.3	1.8
L.MFH - Referenz-Ausführung EnEV 2009	2016	9999	5	1170	17	5371	321.05	0	1193.16	0	0	0	321.05	243.6	0	47.85	0.2	0	0.28	0	0	0	0.35	1.3	0	1.8
